,City,Lat,lon,Temp_max,Humidity,Cloudiness,Wind_speed,Country,Date
0,Dikson,73.5069,80.5464,-0.98,58,100,10.9,RU,1633825055
1,Kavieng,-2.5744,150.7967,28.63,71,83,3.95,PG,1633824758
2,Ribeira Grande,38.5167,-28.7,21.84,81,76,9.58,PT,1633825058
3,Avenal,36.0041,-120.129,24.5,27,0,4.85,US,1633825059
4,Namatanai,-3.6667,152.4333,29.02,69,66,3.14,PG,1633825060
5,Tromsø,69.6496,18.957,8.01,93,75,2.06,NO,1633825062
6,Ushuaia,-54.8,-68.3,6.81,87,75,11.32,AR,1633825063
7,Mataura,-46.1927,168.8643,18.04,41,26,1.81,NZ,1633825064
8,Vao,-22.6667,167.4833,21.13,62,50,6.79,NC,1633825065
9,Rikitea,-23.1203,-134.9692,23.61,81,94,7.83,PF,1633825067
10,Atuona,-9.8,-139.0333,25.61,74,7,7.79,PF,1633824917
11,Sorong,-0.8833,131.25,27.56,84,60,2.84,ID,1633825069
12,Oktyabr'skiy,54.4815,53.471,6.57,84,99,1.67,RU,1633824803
13,Provideniya,64.3833,-173.3,0.26,72,26,1.88,RU,1633825072
14,Qui Nhon,13.7667,109.2333,26.7,81,100,2.3,VN,1633825073
15,Constantine,36.365,6.6147,13.67,82,40,1.03,DZ,1633825074
16,Khandyga,62.6667,135.6,1.05,88,100,3.56,RU,1633825076
17,Okhotsk,59.3833,143.3,-1.76,68,4,5.44,RU,1633825077
18,Hilo,19.7297,-155.09,26.27,83,90,2.57,US,1633825078
19,Magadan,59.5667,150.8,0.8,47,4,0.2,RU,1633825080
20,Castro,-24.7911,-50.0119,13.54,99,100,1.96,BR,1633825081
21,Puerto Baquerizo Moreno,-0.9,-89.6,20.1,81,66,4.24,EC,1633825083
22,Albany,42.6001,-73.9662,16.23,80,100,0.45,US,1633825085
23,Buala,-8.145,159.5921,29.41,67,87,1.53,SB,1633825086
24,Alta Gracia,-31.6529,-64.4283,20.2,40,56,1.65,AR,1633825087
25,Punta Arenas,-53.15,-70.9167,6.06,87,75,10.29,CL,1633825089
26,Aykhal,66.0,111.5,0.26,98,100,6.14,RU,1633825090
27,Hong Gai,20.956,107.0946,22.95,94,100,7.93,VN,1633825091
28,New Norfolk,-42.7826,147.0587,12.03,48,65,2.24,AU,1633825093
29,Kahului,20.8947,-156.47,26.59,81,40,8.75,US,1633825094
30,Along,28.1667,94.7667,20.44,97,44,0.8,IN,1633825095
31,Upernavik,72.7868,-56.1549,0.77,68,99,8.58,GL,1633825097
32,Ngunguru,-35.6167,174.5,19.53,64,72,6.41,NZ,1633825098
33,Busselton,-33.65,115.3333,12.8,72,93,3.49,AU,1633825099
34,Lorengau,-2.0226,147.2712,27.8,77,100,1.06,PG,1633825100
35,Saint Paul Harbor,57.79,-152.4072,11.73,43,20,8.75,US,1633825102
36,Sokoni,-6.4333,39.55,25.22,80,5,4.66,TZ,1633825103
37,Xianyang,34.3378,108.7026,9.58,93,90,4.0,CN,1633825104
38,Ancud,-41.8697,-73.8203,11.74,92,0,2.0,CL,1633825106
39,Bilma,18.6853,12.9164,27.56,17,1,2.38,NE,1633825107
40,Faanui,-16.4833,-151.75,25.97,70,13,2.67,PF,1633825108
41,Torbay,47.6666,-52.7314,6.99,86,90,8.23,CA,1633825110
42,Kapaa,22.0752,-159.319,30.99,69,90,3.58,US,1633825111
43,Bambous Virieux,-20.3428,57.7575,22.34,83,75,6.69,MU,1633825112
44,Hobyo,5.3505,48.5268,25.66,86,33,5.68,SO,1633825113
45,East London,-33.0153,27.9116,15.77,69,12,7.97,ZA,1633825115
46,Saint George,37.1041,-113.5841,23.13,21,20,1.79,US,1633824945
47,Krasnosel'kup,65.7,82.4667,-3.37,77,87,6.19,RU,1633825117
48,Riyadh,24.6877,46.7219,23.08,18,1,1.46,SA,1633825118
49,Yumen,40.2833,97.2,0.58,36,0,3.02,CN,1633825120
50,Hasaki,35.7333,140.8333,22.38,78,28,2.31,JP,1633825121
51,Puerto Ayora,-0.7393,-90.3518,20.86,88,74,2.24,EC,1633825122
52,Sørland,67.667,12.6934,10.91,94,100,13.63,NO,1633825124
53,Asău,46.4333,26.4,4.31,80,12,1.94,RO,1633825125
54,Erzin,36.9559,36.2,20.56,31,0,1.34,TR,1633825126
55,Huarmey,-10.0681,-78.1522,18.39,85,61,3.67,PE,1633825128
56,Pevek,69.7008,170.3133,-3.61,93,100,1.3,RU,1633825129
57,Leningradskiy,69.3833,178.4167,-6.52,94,100,1.9,RU,1633825130
58,Merrill,45.1805,-89.6835,18.87,88,90,2.57,US,1633824849
59,Sinnamary,5.3833,-52.95,26.84,77,100,6.11,GF,1633825133
60,Caxito,-8.5785,13.6643,23.36,81,75,1.55,AO,1633825134
61,Forsytheganj,52.6333,29.7333,2.4,80,0,1.49,BY,1633825135
62,Freeport,40.6576,-73.5832,19.07,73,90,2.68,US,1633825116
63,Xinmin,41.9908,122.8253,12.94,57,96,3.98,CN,1633825138
64,Khatanga,71.9667,102.5,-8.71,97,100,0.11,RU,1633825139
65,Tiksi,71.6872,128.8694,-8.06,91,83,1.08,RU,1633825140
66,Sobolevo,54.4299,31.8996,2.96,78,22,0.13,RU,1633825142
67,Hobart,-42.8794,147.3294,12.28,50,40,2.68,AU,1633824855
68,Yellowknife,62.456,-114.3525,5.79,100,90,2.06,CA,1633825140
69,San Alberto,7.7611,-73.3922,25.17,92,61,2.16,CO,1633825146
70,Bethel,41.3712,-73.414,16.99,84,75,0.89,US,1633825147
71,Qaanaaq,77.484,-69.3632,-1.99,74,100,6.21,GL,1633825148
72,Ponta do Sol,32.6667,-17.1,22.35,77,19,2.02,PT,1633825150
73,Hambantota,6.1241,81.1185,26.76,83,100,6.88,LK,1633825151
74,Bluff,-46.6,168.3333,18.22,58,62,1.15,NZ,1633825152
75,Ponnāni,10.767,75.9252,24.62,90,97,2.09,IN,1633825155
76,Kropotkin,45.4375,40.5756,9.1,66,97,7.34,RU,1633825156
77,Fortuna,40.5982,-124.1573,20.82,56,3,3.13,US,1633825157
78,Norman Wells,65.282,-126.8329,0.02,93,75,4.63,CA,1633825159
79,Kaitangata,-46.2817,169.8464,13.85,67,3,2.22,NZ,1633825161
80,Vaini,-21.2,-175.2,26.09,83,40,3.6,TO,1633825162
81,Iquitos,-3.7481,-73.2472,26.02,89,40,1.54,PE,1633825163
82,Codrington,-38.2667,141.9667,11.79,71,26,5.5,AU,1633825165
83,Coyhaique,-45.5752,-72.0662,10.97,66,20,1.54,CL,1633824981
84,Sørkjosen,69.8,20.9333,7.91,87,100,2.7,NO,1633825167
85,Yenagoa,4.9247,6.2642,23.83,96,100,1.49,NG,1633825168
86,Hermanus,-34.4187,19.2345,13.28,81,0,5.24,ZA,1633825170
87,Asnæs,55.8123,11.5013,9.38,92,95,0.89,DK,1633825171
88,Katsuura,35.1333,140.3,22.28,80,49,1.75,JP,1633825172
89,Tagāb,34.855,69.6492,16.81,41,4,0.63,AF,1633825174
90,Barrow,71.2906,-156.7887,0.01,74,75,4.12,US,1633825164
91,Matara,5.9485,80.5353,26.12,88,100,4.85,LK,1633825176
92,Saint-Philippe,-21.3585,55.7679,20.77,86,49,6.24,RE,1633825177
93,Cape Town,-33.9258,18.4232,15.06,62,2,3.8,ZA,1633824664
94,Gävle,60.6745,17.1417,11.95,82,41,3.13,SE,1633825180
95,Cidreira,-30.1811,-50.2056,17.71,88,100,8.56,BR,1633825181
96,Bredasdorp,-34.5322,20.0403,8.62,93,1,1.54,ZA,1633825182
97,Mar del Plata,-38.0023,-57.5575,12.29,59,0,2.68,AR,1633825184
98,Tasiilaq,65.6145,-37.6368,0.09,78,17,3.03,GL,1633825185
99,Portland,45.5234,-122.6762,18.28,67,75,0.45,US,1633824631
100,Samoded,63.6083,40.5111,3.89,97,98,1.77,RU,1633825187
101,Makakilo City,21.3469,-158.0858,27.18,60,90,7.72,US,1633825189
102,Hong Kong,22.2855,114.1577,27.92,87,100,3.58,HK,1633825147
103,Narsaq,60.9167,-46.05,-0.88,46,17,2.81,GL,1633825191
104,Turukhansk,65.8167,87.9833,-4.38,73,100,7.45,RU,1633825193
105,Chapais,49.7834,-74.8492,13.88,78,80,4.29,CA,1633825195
106,Kavaratti,10.5669,72.642,27.79,79,79,5.06,IN,1633825196
107,Den Helder,52.9599,4.7593,9.45,97,58,0.51,NL,1633825197
108,Bay Roberts,47.5999,-53.2648,7.41,86,100,3.13,CA,1633825200
109,Jamestown,42.097,-79.2353,17.77,88,90,4.92,US,1633824964
110,Nikolskoye,59.7035,30.7861,10.22,83,99,2.35,RU,1633825202
111,Boyolangu,-8.1181,111.8935,25.83,81,88,3.56,ID,1633825205
112,Tura,25.5198,90.2201,22.69,87,1,1.18,IN,1633825207
113,Fairbanks,64.8378,-147.7164,4.78,83,90,2.06,US,1633824930
114,Kopavogur,64.1123,-21.913,6.58,87,40,3.09,IS,1633825209
115,Krasnaya Gora,52.9995,31.6023,0.95,79,0,1.41,RU,1633825211
116,Avarua,-21.2078,-159.775,26.03,57,19,3.09,CK,1633825212
117,Ostër,50.9506,30.8823,6.0,56,97,3.24,UA,1633825214
118,Saskylakh,71.9167,114.0833,-8.72,95,100,0.78,RU,1633825215
119,Moussoro,13.6408,16.4901,30.88,17,53,2.47,TD,1633825216
120,Taltal,-25.4,-70.4833,15.89,63,11,2.05,CL,1633825218
121,Puerto Escondido,15.85,-97.0667,27.05,84,100,4.65,MX,1633825219
122,Bilibino,68.0546,166.4372,-12.07,94,100,0.64,RU,1633825220
123,Baláo,-2.9167,-79.8167,22.62,83,83,3.76,EC,1633825221
124,Ilulissat,69.2167,-51.1,-0.99,74,75,5.14,GL,1633825223
125,Yagodnoye,62.55,149.6667,-7.79,76,35,1.6,RU,1633825224
126,Phan Thiet,10.9333,108.1,25.88,90,100,3.97,VN,1633825225
127,São João da Barra,-21.6403,-41.0511,20.24,80,100,4.15,BR,1633825227
128,Dongsheng,39.8161,109.9776,2.6,36,96,3.8,CN,1633825228
129,Kualakapuas,-3.0091,114.3876,27.09,74,92,1.49,ID,1633825229
130,Guerrero Negro,27.9769,-114.0611,22.64,54,2,10.41,MX,1633825231
131,Beisfjord,68.3751,17.5988,9.03,93,100,3.74,NO,1633825232
132,Camacha,33.0833,-16.3333,20.42,68,40,6.17,PT,1633825233
133,Butaritari,3.0707,172.7902,27.55,73,92,5.53,KI,1633825235
134,Mahébourg,-20.4081,57.7,22.36,83,75,6.69,MU,1633825236
135,Broken Hill,-31.95,141.4333,11.64,83,100,7.37,AU,1633825237
136,Talnakh,69.4865,88.3972,-8.74,93,51,3.69,RU,1633825239
137,Ilo,-17.6394,-71.3375,16.87,87,72,4.05,PE,1633825240
138,Ponta Delgada,37.7333,-25.6667,22.5,83,40,5.14,PT,1633825241
139,Bengkulu,-3.8004,102.2655,25.09,91,46,1.77,ID,1633825242
140,Flin Flon,54.7682,-101.865,11.13,56,5,2.79,CA,1633825244
141,Kūdligi,14.9,76.3833,21.68,94,100,3.3,IN,1633825245
142,Arraial do Cabo,-22.9661,-42.0278,19.67,80,100,8.14,BR,1633825247
143,Ahipara,-35.1667,173.1667,15.6,64,99,5.12,NZ,1633825249
144,Kontagora,10.3999,5.4695,24.96,70,52,0.43,NG,1633825250
145,Homer,59.6425,-151.5483,8.94,76,75,4.12,US,1633825254
146,Constitución,-35.3333,-72.4167,10.48,90,44,1.56,CL,1633825255
147,Río Gallegos,-51.6226,-69.2181,17.03,34,0,11.32,AR,1633825256
148,Liptovský Mikuláš,49.0806,19.6222,3.21,73,4,1.12,SK,1633825257
149,Labranzagrande,5.5622,-72.575,19.53,95,95,1.21,CO,1633825261
150,Dukat,62.55,155.55,-7.49,80,23,1.73,RU,1633825262
151,Port Elizabeth,-33.918,25.5701,14.16,94,90,4.12,ZA,1633825264
152,Ružomberok,49.0748,19.3075,3.84,80,2,1.09,SK,1633825266
153,Paamiut,61.994,-49.6678,2.04,54,90,1.2,GL,1633825268
154,Bereda,43.2686,-7.5406,14.4,100,94,3.29,ES,1633825269
155,San Jerónimo,-11.9472,-75.2829,14.08,65,95,1.96,PE,1633825270
156,Te Anau,-45.4167,167.7167,15.08,59,57,2.31,NZ,1633825272
157,Vestmanna,62.1564,-7.1664,9.51,100,75,7.72,FO,1633825273
158,Pontianak,-0.0333,109.3333,25.99,94,40,2.06,ID,1633825274
159,Erenhot,43.6475,111.9767,3.76,46,0,5.84,CN,1633825276
160,Thompson,55.7435,-97.8558,9.09,57,40,1.54,CA,1633825277
161,Sémbé,1.6481,14.5806,22.07,99,100,1.09,CG,1633825278
162,Meulaboh,4.1363,96.1285,24.87,84,79,2.21,ID,1633825280
163,Nago,26.5881,127.9761,29.04,76,18,8.72,JP,1633825281
164,Tessalit,20.1986,1.0114,28.29,11,76,3.56,ML,1633825282
165,Palmer,42.1584,-72.3287,15.55,71,90,1.54,US,1633825283
166,George Town,5.4112,100.3354,27.16,88,20,0.45,MY,1633825262
167,Kaeo,-35.1,173.7833,19.62,57,57,4.39,NZ,1633825286
168,San Cristobal,7.7669,-72.225,22.1,98,72,0.72,VE,1633825287
169,Tiznit Province,29.5833,-9.5,20.49,58,50,0.57,MA,1633825288
170,Ust-Maya,60.4167,134.5333,0.87,80,50,2.41,RU,1633825290
171,Broome,42.2506,-75.833,16.32,74,40,0.45,US,1633825291
172,Cherlak,54.155,74.8055,3.48,88,37,2.82,RU,1633825280
173,Necochea,-38.5473,-58.7368,11.13,76,0,4.89,AR,1633825293
174,Virden,39.5009,-89.7679,25.96,73,100,4.07,US,1633825295
175,Murgab,37.4966,61.9714,6.93,53,0,0.0,TM,1633825296
176,Sitka,57.0531,-135.33,7.79,84,93,4.31,US,1633825297
177,Kankan,10.3854,-9.3057,21.37,94,84,0.69,GN,1633825300
178,Santa Maria da Boa Vista,-8.8078,-39.8256,29.89,34,76,8.42,BR,1633825301
179,Isangel,-19.55,169.2667,26.06,65,75,5.14,VU,1633825302
180,Nanortalik,60.1432,-45.2371,2.36,82,15,3.18,GL,1633825304
181,Tuktoyaktuk,69.4541,-133.0374,-1.0,86,90,6.17,CA,1633825305
182,Kyaikkami,16.08,97.5675,26.21,87,100,3.58,MM,1633825306
183,Port Blair,11.6667,92.75,26.43,85,99,6.3,IN,1633825308
184,Kalmunai,7.4167,81.8167,26.72,73,100,0.34,LK,1633825309
185,Cherskiy,68.75,161.3,-11.29,95,98,2.58,RU,1633825310
186,Jumla,29.2747,82.1838,9.92,76,3,2.15,NP,1633825312
187,Zyryanka,65.75,150.85,-3.85,60,11,5.84,RU,1633825313
188,Kabompo,-13.5927,24.2008,22.06,36,35,1.52,ZM,1633825314
189,Port Alfred,-33.5906,26.891,14.91,76,16,6.99,ZA,1633825316
190,Husavik,66.0449,-17.3389,3.95,96,100,4.93,IS,1633825318
191,Miles City,46.4083,-105.8406,14.17,100,40,4.12,US,1633825319
192,Teya,60.3778,92.6267,0.05,89,100,5.63,RU,1633825321
193,Kennesaw,34.0234,-84.6155,23.19,86,1,1.34,US,1633825322
194,Charters Towers,-20.1,146.2667,28.16,39,19,6.03,AU,1633825324
195,Susanville,40.4163,-120.653,17.12,36,1,1.34,US,1633825325
196,Khovd,48.0056,91.6419,-1.21,42,2,0.82,MN,1633825326
197,Souillac,-20.5167,57.5167,22.42,83,75,6.69,MU,1633825327
198,Ulladulla,-35.35,150.4667,17.65,72,100,4.62,AU,1633825329
199,Nabire,-3.3667,135.4833,28.44,78,94,0.61,ID,1633825161
200,Clyde River,70.4692,-68.5914,1.04,76,100,3.42,CA,1633825331
201,Inverness,57.4791,-4.224,9.95,95,17,0.45,GB,1633825332
202,Muli,2.9167,73.5667,28.33,76,100,5.88,MV,1633825334
203,Dandong,40.1292,124.3947,15.37,74,100,4.7,CN,1633825335
204,Sassandra,4.95,-6.0833,24.39,94,21,2.8,CI,1633825338
205,Ayagoz,47.9714,80.4392,0.92,56,23,0.96,KZ,1633825339
206,Kumul,42.8,93.45,5.34,35,0,2.41,CN,1633825340
207,Presidencia Roque Sáenz Peña,-26.7852,-60.4388,20.48,92,55,1.96,AR,1633825341
208,Mossamedes,-15.1961,12.1522,17.85,79,7,1.46,AO,1633825343
209,Iralaya,15.0,-83.2333,28.05,83,22,2.99,HN,1633825344
210,Adrar,20.5022,-10.0711,29.69,15,74,4.06,MR,1633825345
211,Lumphat,13.4878,106.9816,23.63,99,100,1.41,KH,1633825347
212,Antofagasta,-23.65,-70.4,14.6,73,7,4.22,CL,1633825348
213,St. George's,12.0564,-61.7485,26.76,83,34,3.23,GD,1633825349
214,Casa Blanca,18.15,-97.1333,23.56,82,89,2.49,MX,1633825351
215,Brora,58.0099,-3.8518,9.98,85,38,5.1,GB,1633825352
216,Christchurch,-43.5333,172.6333,17.4,62,14,1.79,NZ,1633825204
217,Farafangana,-22.8167,47.8333,19.27,83,15,3.4,MG,1633825354
218,Alpena,45.0617,-83.4327,17.84,97,90,1.54,US,1633825356
219,Alakurtti,66.9672,30.3491,6.46,98,100,1.46,RU,1633825357
220,Pochutla,15.7432,-96.4661,24.22,91,97,2.62,MX,1633825359
221,Montoro,38.0241,-4.3834,23.04,51,100,0.69,ES,1633825361
222,Port-Gentil,-0.7193,8.7815,24.98,94,90,5.66,GA,1633825362
223,Barentu,15.1139,37.5928,24.83,60,75,1.76,ER,1633825363
224,Half Moon Bay,37.4636,-122.4286,25.13,53,1,7.2,US,1633825259
225,Turan,16.0678,108.2208,26.03,94,20,1.03,VN,1633825194
226,Usakos,-22.0,15.6,21.07,16,1,2.54,NA,1633825367
227,Marawi,7.9986,124.2928,19.8,87,100,1.42,PH,1633825368
228,Jhajha,24.7667,86.3667,23.29,72,10,0.95,IN,1633825369
229,Talas,38.6908,35.5538,5.37,52,0,0.51,TR,1633825371
230,Kandi,11.1342,2.9386,25.98,63,76,1.82,BJ,1633825372
231,Cortez,37.3489,-108.5859,17.51,41,1,5.66,US,1633825373
232,Srednekolymsk,67.45,153.6833,-7.19,80,46,2.04,RU,1633825375
233,Mocuba,-16.8392,36.9856,19.54,82,0,1.23,MZ,1633825376
234,Hamilton,39.1834,-84.5333,24.09,78,20,0.0,US,1633825137
235,Ambon City,-3.6954,128.1814,28.08,94,75,2.57,ID,1633825286
236,Gushikawa,26.3544,127.8686,28.57,86,40,8.23,JP,1633825379
237,Garissa,-0.4536,39.6401,24.25,79,8,6.79,KE,1633825381
238,Skuratovskiy,54.1108,37.6011,3.1,73,0,1.76,RU,1633825382
239,Khani,41.9563,42.9566,9.76,71,2,1.93,GE,1633825384
240,Yulara,-25.2406,130.9889,17.91,59,75,8.23,AU,1633825386
241,Lesnoy,57.6198,63.0784,-0.44,88,88,2.49,RU,1633825387
242,Santa Isabel Rio Negro,-0.4139,-65.0192,25.93,82,99,1.04,BR,1633825389
243,Winnemucca,40.973,-117.7357,15.03,33,1,2.06,US,1633825390
244,Lavrentiya,65.5833,-171.0,0.19,74,59,3.73,RU,1633825391
245,Oranjemund,-28.55,16.4333,14.35,82,5,3.35,NA,1633825393
246,Praia,14.9215,-23.5087,25.3,83,20,2.57,CV,1633825252
247,Eldorado,-23.7869,-54.2836,18.93,98,99,0.91,BR,1633825395
248,Tacoronte,28.4769,-16.4102,19.31,81,90,6.26,ES,1633825396
249,Aksarka,66.5606,67.7975,-2.1,72,24,5.93,RU,1633825398
250,Carnarvon,-24.8667,113.6333,21.04,35,0,7.2,AU,1633825399
251,Hithadhoo,-0.6,73.0833,28.09,69,99,4.53,MV,1633825400
252,Northam,51.0333,-4.2167,15.22,96,100,2.07,GB,1633825402
253,Port Hardy,50.6996,-127.4199,10.1,93,75,2.06,CA,1633825403
254,Pangnirtung,66.1451,-65.7125,-0.4,90,89,0.77,CA,1633825404
255,São Filipe,14.8961,-24.4956,26.82,74,2,3.45,CV,1633825405
256,Grand Gaube,-20.0064,57.6608,22.43,74,1,2.24,MU,1633825407
257,Nome,64.5011,-165.4064,6.76,65,1,3.6,US,1633825408
258,Brookhaven,31.5791,-90.4407,22.91,74,85,0.98,US,1633825411
259,Lebu,-37.6167,-73.65,10.19,93,0,3.53,CL,1633825413
260,Zhangjiakou,40.81,114.8794,6.55,40,100,6.66,CN,1633825414
261,Fort Nelson,58.8053,-122.7002,12.77,22,40,7.72,CA,1633825416
262,Bereket,39.2446,55.5154,9.51,20,0,3.15,TM,1633825417
263,Lüderitz,-26.6481,15.1594,17.47,53,84,6.25,NA,1633825418
264,Ciudad Bolivar,8.1222,-63.5497,28.43,69,100,2.55,VE,1633825419
265,Gladstone,-23.85,151.25,27.1,53,8,5.14,AU,1633825421
266,Opuwo,-18.0607,13.84,22.52,21,0,1.83,NA,1633825422
267,Camocim,-2.9022,-40.8411,26.25,80,70,7.21,BR,1633825423
268,Zhezkazgan,47.8043,67.7144,5.96,53,93,2.98,KZ,1633825425
269,Diego de Almagro,-26.3667,-70.05,14.91,33,0,1.62,CL,1633825426
270,Sambava,-14.2667,50.1667,20.2,84,14,4.54,MG,1633825427
271,Ugoofaaru,5.6667,73.0,28.21,79,98,7.04,MV,1633825430
272,Zhengjiatun,43.5064,123.5064,10.37,46,76,7.85,CN,1633825431
273,São Félix do Xingu,-6.6447,-51.995,26.77,50,51,0.29,BR,1633825432
274,Cuamba,-14.8031,36.5372,22.32,38,0,1.39,MZ,1633825434
275,Shingū,33.7333,135.9833,26.55,89,40,3.38,JP,1633825436
276,Mitú,1.1983,-70.1733,23.66,95,95,1.06,CO,1633825153
277,Kruisfontein,-34.0033,24.7314,12.16,78,4,3.77,ZA,1633825439
278,Touros,-5.1989,-35.4608,26.5,77,73,7.04,BR,1633825440
279,Aklavik,68.2191,-135.0107,-0.54,92,94,3.5,CA,1633825441
280,Aktau,43.65,51.2,1.32,36,4,3.33,KZ,1633825444
281,Eyl,7.9803,49.8164,24.87,85,32,4.49,SO,1633825445
282,Kodinsk,58.6881,99.1844,0.86,80,73,6.73,RU,1633825447
283,Fort Morgan,40.2503,-103.8,20.36,17,1,7.72,US,1633825448
284,Boysun,38.2061,67.1986,5.51,46,89,0.24,UZ,1633825449
285,Beringovskiy,63.05,179.3167,-0.71,95,100,2.88,RU,1633825451
286,Vila Velha,-20.3297,-40.2925,19.97,88,90,1.54,BR,1633825389
287,Chui,-33.6971,-53.4616,13.25,85,10,3.87,UY,1633825453
288,Mil'kovo,54.7167,158.6167,6.28,47,29,3.33,RU,1633825454
289,El Tigre,8.8875,-64.2454,27.85,62,100,2.06,VE,1633825343
290,Bandarbeyla,9.4942,50.8122,25.78,81,90,7.86,SO,1633825458
291,Banjar,-8.19,114.9675,26.92,68,72,2.87,ID,1633825459
292,Port Lincoln,-34.7333,135.8667,12.89,56,87,6.65,AU,1633825374
293,Haines Junction,60.7522,-137.5108,5.97,49,100,2.57,CA,1633825463
294,Hervey Bay,-25.2986,152.8535,27.24,67,6,4.46,AU,1633825464
295,Airai,-8.9266,125.4092,23.57,27,98,1.19,TL,1633825465
296,Liverpool,53.4106,-2.9779,15.16,90,75,1.34,GB,1633825467
297,Kaithal,29.8,76.3833,24.31,47,0,0.38,IN,1633825468
298,Coari,-4.085,-63.1414,26.38,76,83,1.41,BR,1633825469
299,Boguchany,58.3814,97.4531,1.02,80,84,5.64,RU,1633825471
300,Seoul,37.5683,126.9778,23.71,78,75,3.6,KR,1633825200
301,La Ronge,55.1001,-105.2842,13.12,26,20,1.54,CA,1633825475
302,High Level,58.5169,-117.136,13.06,33,75,2.57,CA,1633825476
303,Arboletes,8.8505,-76.4269,26.83,81,74,2.18,CO,1633825478
304,Beloha,-25.1667,45.05,19.56,75,1,2.17,MG,1633825479
305,Sikasso,10.9167,-7.0,26.05,69,50,0.8,ML,1633825480
306,Belaya Gora,68.5333,146.4167,-6.91,68,93,1.84,RU,1633825482
307,Itacaré,-14.2775,-38.9967,23.94,92,96,4.86,BR,1633825483
308,Oranjestad,12.524,-70.027,28.97,79,20,6.17,AW,1633825379
309,Henties Bay,-22.116,14.2845,12.7,87,0,2.58,NA,1633825485
310,Fare,-16.7,-151.0167,25.74,69,2,2.06,PF,1633825487
311,Makungu,-8.7333,35.2833,14.81,94,53,1.54,TZ,1633825488
312,Cayenne,4.9333,-52.3333,28.38,81,100,1.03,GF,1633825256
313,Isiro,2.7739,27.616,19.58,99,97,1.09,CD,1633825490
314,Killybegs,54.6333,-8.45,8.03,82,13,3.75,IE,1633825491
315,Maniitsoq,65.4167,-52.9,-0.35,86,100,6.62,GL,1633825493
316,Brus Laguna,15.75,-84.4833,25.27,89,77,1.4,HN,1633825494
317,Akureyri,65.6835,-18.0878,3.96,93,90,5.14,IS,1633825495
318,Redmond,47.674,-122.1215,15.19,78,99,0.45,US,1633825283
319,Bukama,-9.2,25.85,24.18,34,2,0.84,CD,1633825498
320,Bacolod City,10.6667,122.95,24.98,91,100,7.74,PH,1633825499
321,Salalah,17.0151,54.0924,27.05,78,20,1.54,OM,1633825500
322,Zaysan,47.4667,84.8667,2.54,39,8,1.3,KZ,1633825502
323,Muğla Province,37.2303,28.3557,11.37,75,0,1.57,TR,1633825504
324,Thaton,16.9206,97.3714,25.02,93,100,1.16,MM,1633825505
325,Chimbote,-9.0853,-78.5783,17.48,87,56,3.68,PE,1633825500
326,Atasū,48.6814,71.6433,6.09,51,100,0.95,KZ,1633825508
327,Bjerkvik,68.5597,17.5189,7.9,91,100,2.77,NO,1633825509
328,Plettenberg Bay,-34.0527,23.3716,12.78,75,7,3.01,ZA,1633825511
329,Nishihara,26.1842,127.7558,28.6,87,75,8.23,JP,1633825514
330,Celles,50.7123,3.4573,9.32,92,46,0.76,BE,1633825515
331,Koumac,-20.5667,164.2833,25.45,54,3,3.77,NC,1633825516
332,Vanimo,-2.6741,141.3028,29.52,70,34,2.56,PG,1633825518
333,Nantucket,41.2835,-70.0995,16.09,84,1,3.6,US,1633825294
334,Klaksvík,62.2266,-6.589,10.51,86,54,10.47,FO,1633825520
335,Soure,-0.7167,-48.5233,27.43,77,89,6.0,BR,1633825521
336,Talcahuano,-36.7167,-73.1167,11.82,82,90,2.57,CL,1633825523
337,Riberalta,-10.9833,-66.1,25.37,80,80,0.2,BO,1633825524
338,Alofi,-19.0595,-169.9187,27.94,74,98,3.09,NU,1633825525
339,Tamiahua,21.2667,-97.45,26.15,85,25,2.61,MX,1633825528
340,Victor Harbor,-35.5667,138.6167,15.5,57,78,0.89,AU,1633825529
341,Shimokizukuri,40.8061,140.3861,23.23,65,50,2.77,JP,1633825530
342,Zigong,29.3416,104.7769,18.07,86,100,3.54,CN,1633825531
343,Bafra,41.5678,35.9069,16.57,78,69,0.99,TR,1633825533
344,Rosetta,31.4044,30.4164,23.05,74,0,4.31,EG,1633825534
345,Kościerzyna,54.1223,17.9812,5.72,65,69,1.78,PL,1633825535
346,Ruwi,23.5996,58.5507,27.83,41,5,1.28,OM,1633825537
347,Vestmannaeyjar,63.4427,-20.2734,7.76,84,98,4.38,IS,1633825538
348,Valparaíso,-33.0393,-71.6273,14.15,77,40,3.09,CL,1633825477
349,Laguna Verde,15.2,-88.1667,23.22,98,100,0.62,HN,1633825540
350,Misratah,32.3754,15.0925,24.14,65,81,4.58,LY,1633825542
351,Lagunas,-5.2269,-75.6753,27.29,68,85,2.18,PE,1633825543
352,Faya,18.3851,42.4509,18.06,46,6,3.98,SA,1633825544
353,Soyo,-6.1349,12.3689,24.07,86,72,3.71,AO,1633825546
354,Acapulco de Juárez,16.8634,-99.8901,27.9,83,90,3.09,MX,1633825547
355,Laguna,38.421,-121.4238,25.16,33,1,1.34,US,1633825259
356,Chokurdakh,70.6333,147.9167,-13.51,96,95,2.39,RU,1633825549
357,Paragominas,-2.9667,-47.4833,23.19,95,100,1.48,BR,1633825551
358,Berlevåg,70.8578,29.0864,4.21,92,100,2.55,NO,1633825552
359,Menzel Salem,35.8567,8.4765,14.0,69,66,4.62,TN,1633825553
360,Lima,-12.0432,-77.0282,17.72,80,40,4.63,PE,1633825364
361,Byron Bay,-28.65,153.6167,29.06,55,4,7.13,AU,1633825295
362,Gambēla,8.25,34.5833,22.31,95,100,1.74,ET,1633825558
363,Chifeng,42.2683,118.9636,8.23,41,97,6.96,CN,1633825559
364,Vāsudevanallūr,9.2333,77.4167,24.86,81,100,3.12,IN,1633825560
365,Kisangani,0.5167,25.2,21.73,97,91,0.73,CD,1633825563
366,Ipswich,52.0592,1.1555,12.19,93,20,1.03,GB,1633825564
367,Pizarro,4.9533,-77.366,23.9,88,100,1.02,CO,1633825566
368,Warri,5.5167,5.75,24.25,94,100,1.65,NG,1633825567
369,Nelson Bay,-32.7167,152.15,31.53,44,34,2.72,AU,1633825568
370,Jiwani,25.05,61.7417,27.38,70,0,1.68,PK,1633825569
371,Playas,-2.6333,-80.3833,21.48,84,43,6.73,EC,1633825572
372,Zhangye,38.9342,100.4517,4.02,21,0,1.64,CN,1633825573
373,Hebi,35.8992,114.1925,16.0,78,99,4.87,CN,1633825576
374,San Patricio,28.017,-97.5169,28.38,59,0,5.47,US,1633825577
375,Aransas Pass,27.9095,-97.15,27.21,76,1,4.02,US,1633825578
376,Yar-Sale,66.8333,70.8333,-1.6,90,56,7.71,RU,1633825580
377,Serabu,7.7958,-12.0536,23.6,97,100,0.53,SL,1633825581
378,Lingyuan,41.24,119.4011,9.87,49,75,5.41,CN,1633825583
379,Pahrump,36.2083,-115.9839,23.92,17,49,1.79,US,1633825557
380,Tuatapere,-46.1333,167.6833,19.34,51,65,1.86,NZ,1633825586
381,Kutum,14.2,24.6667,24.55,15,100,4.28,SD,1633825587
382,Rocha,-34.4833,-54.3333,10.26,94,1,2.63,UY,1633825588
383,Yangi Marg`ilon,40.4272,71.7189,11.4,54,75,2.06,UZ,1633825590
384,Bathsheba,13.2167,-59.5167,24.34,94,75,5.14,BB,1633825591
385,Mount Gambier,-37.8333,140.7667,11.95,71,75,5.66,AU,1633825592
386,Rome,43.2128,-75.4557,17.68,76,1,3.09,US,1633825564
387,Druzhba,52.0428,33.9453,3.27,67,79,2.78,UA,1633825596
388,Ostrovnoy,68.0531,39.5131,3.93,97,100,5.63,RU,1633825597
389,Altea,38.5989,-0.0514,20.88,68,11,0.91,ES,1633825598
390,Novopskov,49.5464,39.0899,6.73,55,100,3.2,UA,1633825600
391,Kemijärvi,66.7131,27.4306,6.46,95,100,3.15,FI,1633825601
392,Independence,39.0911,-94.4155,28.73,45,1,1.34,US,1633825602
393,Danville,36.586,-79.395,19.13,92,90,3.6,US,1633825506
394,Tutóia,-2.7619,-42.2744,26.75,81,88,4.71,BR,1633825605
395,San Quintín,30.4833,-115.95,20.18,64,18,8.66,MX,1633825606
396,Iquique,-20.2208,-70.1431,16.02,76,31,1.72,CL,1633825339
397,Algarrobo,10.1869,-74.5753,24.41,85,70,2.96,CO,1633825608
398,Spassk-Ryazanskiy,54.4072,40.3806,3.34,76,48,2.23,RU,1633825610
399,Santa Maria,-29.6842,-53.8069,18.61,88,90,4.63,BR,1633825583
400,Kholodnyy,62.7167,147.95,-10.6,83,67,1.17,RU,1633825612
401,Troitskoye,52.9821,84.6757,2.8,72,3,3.65,RU,1633825613
402,Foumban,5.7291,10.9001,17.68,95,100,1.08,CM,1633825615
403,Galle,6.0367,80.217,26.9,84,98,5.9,LK,1633825616
404,Mahibadhoo,3.7833,72.9667,28.42,76,95,6.46,MV,1633825617
405,Ubari,26.5921,12.7805,24.14,14,0,3.41,LY,1633825619
406,Kochubey,44.3861,46.5825,11.37,59,82,5.96,RU,1633825620
407,Kyshtovka,56.555,76.6271,3.75,82,100,2.89,RU,1633825621
408,Collie,-33.3667,116.15,9.99,65,100,2.6,AU,1633825623
409,Saldanha,-33.0117,17.9442,10.03,79,23,4.74,ZA,1633825624
410,Manturovo,58.3353,44.7619,6.59,82,100,1.98,RU,1633825626
411,Akalkot,17.5333,76.2167,24.95,82,100,0.93,IN,1633825629
412,Piombino,42.9348,10.5221,14.22,58,0,2.24,IT,1633825630
413,Calatayud,41.3535,-1.6432,17.32,71,18,1.16,ES,1633825632
414,Kununurra,-15.7667,128.7333,32.99,35,40,2.06,AU,1633825633
415,Benguela,-12.5763,13.4055,22.56,77,44,0.74,AO,1633825634
416,Phayao,19.25,100.25,22.53,98,100,0.03,TH,1633825636
417,Vardø,70.3705,31.1107,5.36,91,100,3.08,NO,1633825637
418,San Andrés,12.5847,-81.7006,29.01,79,75,4.12,CO,1633825638
419,Kalmar,56.6616,16.3616,10.54,93,93,2.06,SE,1633825640
420,Pangody,65.85,74.4859,-2.89,83,44,6.29,RU,1633825641
421,Tataouine,32.9297,10.4518,21.49,72,0,1.78,TN,1633825642
422,Tual,-5.6667,132.75,27.91,78,84,3.55,ID,1633825644
423,Vila,42.0304,-8.1588,14.07,61,91,2.04,PT,1633825645
424,Lata,40.1629,-8.3327,16.15,75,56,1.28,PT,1633825646
425,Lukaya,-0.1489,31.8748,17.66,94,100,3.01,UG,1633825647
426,Egvekinot,66.3167,-179.1667,-6.14,82,100,1.68,RU,1633825649
427,Maningrida,-12.0667,134.2667,29.23,67,60,3.46,AU,1633825651
428,Kem',64.9555,34.5793,8.27,92,100,3.74,RU,1633825652
429,Quesnel,52.9999,-122.5029,8.28,87,90,3.09,CA,1633825654
430,Viedma,-40.8135,-62.9967,17.13,35,0,7.46,AR,1633825655
431,Yamada,39.4667,141.95,19.76,79,72,5.62,JP,1633825656
432,Zhangaözen,43.3,52.8,6.84,40,0,2.01,KZ,1633825658
433,Wonthaggi,-38.6044,145.5913,15.67,54,47,4.16,AU,1633825659
434,Palana,59.1167,159.9667,-0.3,97,99,4.94,RU,1633825660
435,Grand-Bourg,15.8835,-61.3148,26.97,75,94,10.16,GP,1633825662
436,Uglegorsk,49.0833,142.0333,13.96,75,100,9.42,RU,1633825664
437,Requena,39.4883,-1.1004,15.63,87,64,1.76,ES,1633825665
438,Esim,4.8699,-2.2405,25.43,89,100,3.81,GH,1633825667
439,Concordia,-31.393,-58.0209,19.32,72,12,3.13,AR,1633825668
440,Otane,-39.8833,176.6333,18.34,46,41,5.25,NZ,1633825669
441,Ghanzi,-21.5667,21.7833,18.39,12,0,5.1,BW,1633825670
442,Walvis Bay,-22.9575,14.5053,12.83,76,0,1.54,NA,1633825672
443,Yashkul',46.1711,45.3435,8.13,57,99,3.45,RU,1633825673
444,Sur,22.5667,59.5289,28.09,50,6,3.0,OM,1633825674
445,Morón,-34.6534,-58.6198,16.12,79,0,2.24,AR,1633825641
446,Gejiu,23.306,103.1635,13.63,86,100,2.53,CN,1633825677
447,Bambanglipuro,-7.95,110.2833,17.56,80,50,2.61,ID,1633825678
448,Longyearbyen,78.2186,15.6401,-7.09,79,0,4.12,SJ,1633825679
449,Moram,17.8,76.4667,23.51,83,100,2.33,IN,1633825681
450,Karratha,-20.7377,116.8463,26.88,28,0,10.56,AU,1633825682
451,Adet,11.2644,37.4888,12.9,88,100,0.9,ET,1633825683
452,Saint-Etienne,45.4333,4.4,9.63,93,90,0.51,FR,1633825686
453,Tucupita,9.0622,-62.051,24.29,97,95,1.54,VE,1633825687
454,Galveston,29.3669,-94.9669,28.06,76,20,5.14,US,1633825395
455,Caconda,-13.7333,15.0667,20.0,41,12,1.99,AO,1633825690
456,Itapetininga,-23.5917,-48.0531,15.93,92,100,6.26,BR,1633825567
457,Yinchuan,38.4681,106.2731,7.49,39,100,2.27,CN,1633825693
458,Esperance,-33.8667,121.9,13.91,51,80,1.88,AU,1633825694
459,Fortuna Foothills,32.6578,-114.4119,30.03,14,1,1.79,US,1633825696
460,Boca do Acre,-8.7522,-67.3978,28.47,60,89,0.61,BR,1633825697
461,Eidfjord,60.4675,7.0719,13.57,87,100,1.42,NO,1633825698
462,Gunjur,13.2019,-16.7339,25.04,100,75,0.0,GM,1633825699
463,Tabora,-5.0167,32.8,26.61,31,94,2.69,TZ,1633825701
464,Vallenar,-28.5708,-70.7581,13.99,48,0,1.12,CL,1633825702
465,Santo Tomas,14.1079,121.1414,28.14,85,94,2.28,PH,1633825703
466,Ørnes,66.8689,13.7078,12.14,97,100,6.8,NO,1633825705
467,Gamba,-2.65,10.0,24.77,90,100,4.01,GA,1633825706
468,Mishelevka,52.8575,103.1719,1.42,63,28,1.3,RU,1633825707
469,Giresun Province,40.5,38.5,1.62,41,0,1.22,TR,1633825709
470,Morristown,36.214,-83.2949,20.81,79,20,0.0,US,1633825710
471,Portmore,17.9702,-76.8672,28.98,77,20,5.66,JM,1633825711
472,Murdochville,48.9583,-65.5006,2.49,82,23,0.94,CA,1633825713
473,Mountain Home,43.133,-115.6912,15.41,38,1,6.69,US,1633825714
474,Coquimbo,-29.9533,-71.3436,13.85,71,0,3.6,CL,1633825715
475,Bardsīr,29.9227,56.5743,9.03,49,0,1.87,IR,1633825716
476,Troitsko-Pechorsk,62.7084,56.1964,-1.67,79,58,1.62,RU,1633825718
477,Bemidji,47.4736,-94.8803,17.16,97,75,2.57,US,1633825719
478,Scarborough,54.2797,-0.4044,14.95,88,100,0.45,GB,1633825720
479,Arkhipo-Osipovka,44.37,38.52,10.75,77,87,3.44,RU,1633825722
480,Abnūb,27.2696,31.1511,23.64,44,0,3.43,EG,1633825723
481,Raton,36.9034,-104.4391,20.19,28,1,6.17,US,1633825663
482,Luorong,24.4058,109.6086,21.86,88,100,4.91,CN,1633825725
483,Caucayá,-0.1934,-74.7819,25.55,82,94,1.13,CO,1633825727
484,Grindavik,63.8424,-22.4338,6.06,93,20,5.66,IS,1633825728
485,Kidal,18.4411,1.4078,28.6,10,13,4.69,ML,1633825729
486,Flinders,-34.5833,150.8552,23.22,77,83,3.58,AU,1633825731
487,Genhe,50.7833,121.5167,2.14,88,100,5.24,CN,1633825732
488,Shimoda,34.6667,138.95,21.2,84,78,3.9,JP,1633825733
489,Qaqortoq,60.7167,-46.0333,-0.72,54,17,2.42,GL,1633825734
490,Podporozh'ye,60.9112,34.1706,9.48,96,100,3.3,RU,1633825736
491,Hargeisa,9.56,44.065,21.5,72,96,5.49,SO,1633825737
492,Verāval,20.9,70.3667,26.9,81,63,0.25,IN,1633825738
493,Cantagallo,7.376,-73.9196,24.61,95,70,1.1,CO,1633825740
494,La Mesa,32.7678,-117.0231,23.14,66,1,1.79,US,1633825741
495,La Asuncion,11.0333,-63.8628,26.26,85,43,3.15,VE,1633825743
496,Jennings,38.7192,-90.2604,27.1,66,1,0.45,US,1633825744
497,Sarishābāri,24.7333,89.8333,27.42,77,8,1.87,BD,1633825745
498,Kalanguy,51.0167,116.5167,0.25,65,47,3.77,RU,1633825747
499,Alice Springs,-23.7,133.8833,22.75,40,37,8.75,AU,1633825449
500,Oudtshoorn,-33.5907,22.2014,9.2,83,7,0.98,ZA,1633825749
501,Kansanshi,-12.0951,26.4273,20.66,39,26,0.89,ZM,1633825750
502,Orocué,4.7912,-71.3354,26.18,83,99,2.04,CO,1633825752
503,Los Llanos de Aridane,28.6585,-17.9182,19.86,85,40,4.63,ES,1633825753
504,Nicoya,10.1483,-85.452,24.75,89,90,1.11,CR,1633825754
505,Kathu,7.9178,98.3332,29.27,96,97,8.08,TH,1633825756
506,Morro Bay,35.3658,-120.8499,24.9,62,4,3.13,US,1633825460
507,Coxim,-18.5067,-54.76,31.57,41,64,1.35,BR,1633825759
508,Nuevo Progreso,23.1667,-97.95,28.08,65,19,0.45,MX,1633825760
509,Benjamín Aceval,-24.9667,-57.5667,23.11,98,100,2.24,PY,1633825762
510,Dabola,10.75,-11.1167,22.25,97,85,1.05,GN,1633825763
511,Akhtanizovskaya,45.32,37.1,9.26,58,88,8.02,RU,1633825764
512,Sarangani,5.4033,125.4636,28.99,76,100,8.0,PH,1633825766
513,Horodnytsya,50.807,27.3168,1.59,68,12,2.31,UA,1633825767
514,Deputatsky,69.3,139.9,-6.75,82,100,1.8,RU,1633825768
515,Kandrian,-6.2167,149.55,29.26,71,90,2.89,PG,1633825770
516,Solano,38.2333,-121.9511,26.29,30,1,3.6,US,1633825771
517,Bariloche,-41.1456,-71.3082,13.86,38,0,2.06,AR,1633825626
518,Tautira,-17.7333,-149.15,29.01,69,24,1.54,PF,1633825773
519,Prince Rupert,54.3161,-130.3201,9.83,77,40,1.03,CA,1633825775
520,Marabu,4.4148,114.0089,28.08,89,20,1.54,MY,1633825776
521,Kiama,-34.6833,150.8667,23.33,81,88,1.34,AU,1633825777
522,Saryozek,44.3583,77.9753,5.71,33,100,1.11,KZ,1633825779
523,Champerico,14.3,-91.9167,29.64,81,100,3.58,GT,1633825780
524,Penzance,50.1186,-5.5371,14.31,85,100,3.65,GB,1633825781
525,Tilichiki,60.4667,166.1,-0.99,60,25,1.69,RU,1633825784
526,Zadonsk,52.3904,38.9261,-0.92,65,100,1.81,RU,1633825785
527,Chumikan,54.7183,135.315,7.83,70,100,8.33,RU,1633825786
528,Sisimiut,66.9395,-53.6735,-0.17,84,100,5.66,GL,1633825787
529,Bonthe,7.5264,-12.505,25.35,88,90,2.94,SL,1633825789
530,Grants,35.1473,-107.8514,16.13,44,1,4.12,US,1633825790
531,Hūn,29.1268,15.9477,25.02,18,1,5.55,LY,1633825791
532,Iqaluit,63.7506,-68.5145,0.85,100,90,0.0,CA,1633825791
533,Guantánamo,20.1444,-75.2092,29.04,87,85,1.21,CU,1633825795
534,Hay River,60.8156,-115.7999,8.99,66,75,2.57,CA,1633825796
535,Artsvanist,40.1544,45.5022,7.64,65,7,0.59,AM,1633825797
536,Hohhot,40.8106,111.6522,1.16,60,0,2.0,CN,1633825799
537,Rutana Province,-3.8667,30.1,17.12,62,32,1.75,BI,1633825800
538,Pembroke,45.8168,-77.1162,15.99,91,100,2.63,CA,1633825802
539,Andenes,69.3143,16.1194,8.37,93,75,2.57,NO,1633825803
540,Escárcega,18.6089,-90.7454,24.33,94,100,1.48,MX,1633825805
541,Thunder Bay,48.4001,-89.3168,18.88,98,90,3.09,CA,1633825575
542,Kasulu,-4.5767,30.1025,21.41,55,100,1.06,TZ,1633825808
543,Ratnagiri,16.9833,73.3,25.12,92,40,2.66,IN,1633825810
544,Gurupi,-11.7292,-49.0686,31.9,27,80,2.02,BR,1633825812
545,Nuuk,64.1835,-51.7216,1.34,86,75,3.6,GL,1633825814
546,Saint-Augustin,51.226,-58.6502,5.42,61,51,2.72,CA,1633825816
547,Yatou,37.15,122.3833,16.55,81,100,7.72,CN,1633825817
548,Uvalde,29.3669,-99.767,30.08,29,1,2.57,US,1633825638
549,Luganville,-15.5333,167.1667,26.46,82,89,6.06,VU,1633825728
550,Zhurivka,50.5028,31.7849,1.99,47,96,3.36,UA,1633825822
551,Ketchikan,55.3422,-131.6461,9.26,66,75,1.54,US,1633825823
552,Barcelos,41.5388,-8.6151,19.95,61,63,2.14,PT,1633825824
553,Baharly,38.4362,57.4316,7.09,34,0,1.41,TM,1633825826
554,Brae,60.3964,-1.353,10.95,90,100,6.79,GB,1633825827
555,Luanda,-8.8368,13.2343,23.0,83,75,2.06,AO,1633825689
556,Amoy,24.4798,118.0819,29.03,65,20,5.0,CN,1633825830
557,Tūkrah,32.5341,20.5791,23.47,51,5,3.06,LY,1633825832
558,Mercedes,-34.6515,-59.4307,16.03,82,0,3.69,AR,1633825833
559,Lompoc,34.6391,-120.4579,23.54,70,1,7.72,US,1633825834
560,Statesville,35.7826,-80.8873,19.71,61,1,3.09,US,1633825836
561,Cabo San Lucas,22.8909,-109.9124,34.17,55,1,2.06,MX,1633825837
562,Avera,33.194,-82.5271,22.03,85,30,2.26,US,1633825716
563,Poronaysk,49.2167,143.1167,12.32,77,100,7.85,RU,1633825839
564,Alberton,46.8168,-64.0654,7.95,67,4,2.37,CA,1633825841
565,Sola,-13.8833,167.55,27.37,83,90,0.0,VU,1633825842
